<ImportExportXml xmlns:xsi="http://www.w3.org/2001/XMLSchema-instance">
  <Entities></Entities>
  <Roles></Roles>
  <Workflows>
    <Workflow WorkflowId="{8e019beb-9e0f-416d-affe-db80caaf2a8a}" Name="GetNextCase">
      <XamlFileName>/Workflows/GetNextCase-8E019BEB-9E0F-416D-AFFE-DB80CAAF2A8A.xaml</XamlFileName>
      <Type>1</Type>
      <Subprocess>0</Subprocess>
      <Category>3</Category>
      <Mode>0</Mode>
      <Scope>4</Scope>
      <OnDemand>1</OnDemand>
      <TriggerOnCreate>0</TriggerOnCreate>
      <TriggerOnDelete>0</TriggerOnDelete>
      <AsyncAutodelete>0</AsyncAutodelete>
      <SyncWorkflowLogOnFailure>1</SyncWorkflowLogOnFailure>
      <StateCode>1</StateCode>
      <StatusCode>2</StatusCode>
      <CreateStage>40</CreateStage>
      <RunAs>1</RunAs>
      <SdkMessageId>{697694aa-b967-e511-9416-08002751dfcb}</SdkMessageId>
      <UniqueName>GetNextCase</UniqueName>
      <IsTransacted>1</IsTransacted>
      <IntroducedVersion>0.0.0.1</IntroducedVersion>
      <IsCustomizable>1</IsCustomizable>
      <PrimaryEntity>none</PrimaryEntity>
    </Workflow>
  </Workflows>
  <FieldSecurityProfiles></FieldSecurityProfiles>
  <Templates />
  <EntityMaps />
  <EntityRelationships />
  <OrganizationSettings />
  <optionsets />
  <WebResources>
    <WebResource>
      <WebResourceId>{b0b1e698-ea67-e511-9416-08002751dfcb}</WebResourceId>
      <Name>lpa_callgetnext.htm</Name>
      <DisplayName>callgetnext.htm</DisplayName>
      <WebResourceType>1</WebResourceType>
      <IntroducedVersion>0.0.0.1</IntroducedVersion>
      <IsEnabledForMobileClient>0</IsEnabledForMobileClient>
      <IsCustomizable>1</IsCustomizable>
      <CanBeDeleted>1</CanBeDeleted>
      <IsHidden>0</IsHidden>
      <FileName>/WebResources/lpa_callgetnexthtmB0B1E698-EA67-E511-9416-08002751DFCB</FileName>
    </WebResource>
  </WebResources>
  <SolutionPluginAssemblies>
    <PluginAssembly FullName="CrmQueueGetNext, Version=1.0.0.0, Culture=neutral, PublicKeyToken=914fe6140c7ff64d" CustomizationLevel="1">
      <IsolationMode>2</IsolationMode>
      <SourceType>0</SourceType>
      <IntroducedVersion>1.0</IntroducedVersion>
      <FileName>/PluginAssemblies/CrmQueueGetNext-F429C98A-894C-4593-8361-2A8581FA527D/CrmQueueGetNext.dll</FileName>
      <PluginTypes>
        <PluginType AssemblyQualifiedName="CrmQueueGetNext.GetNextItem, CrmQueueGetNext, Version=1.0.0.0, Culture=neutral, PublicKeyToken=914fe6140c7ff64d" Name="CrmQueueGetNext.GetNextItem">
          <FriendlyName>561ade3d-dc6a-472d-a721-7a29972b7461</FriendlyName>
          <WorkflowActivityGroupName>CrmQueueGetNext (1.0.0.0)</WorkflowActivityGroupName>
        </PluginType>
      </PluginTypes>
    </PluginAssembly>
  </SolutionPluginAssemblies>
  <Languages>
    <Language>1033</Language>
  </Languages>
</ImportExportXml>