﻿<?xml version="1.0" encoding="utf-8"?>
<doc>
	<assembly>
		<name>CrmSvcUtil</name>
	</assembly>
	<members>
		<member name="T:Microsoft.Crm.Services.Utility.CodeGenerationType">
			<summary>Specifies the type of code generation.</summary>
		</member>
		<member name="P:Microsoft.Crm.Services.Utility.DeviceRegistrationAuthentication.MemberName">
			<returns>Returns <see cref="T:System.String"></see>.</returns>
		</member>
		<member name="P:Microsoft.Crm.Services.Utility.DeviceRegistrationAuthentication.Password">
			<returns>Returns <see cref="T:System.String"></see>.</returns>
		</member>
		<member name="P:Microsoft.Crm.Services.Utility.DeviceRegistrationClientInfo.ApplicationId">
			<returns>Returns <see cref="T:System.Guid"></see>.</returns>
		</member>
		<member name="P:Microsoft.Crm.Services.Utility.DeviceRegistrationClientInfo.Version">
			<returns>Returns <see cref="T:System.String"></see>.</returns>
		</member>
		<member name="P:Microsoft.Crm.Services.Utility.DeviceRegistrationRequest.Authentication">
			<returns>Returns <see cref="T:Microsoft.Crm.Services.Utility.DeviceRegistrationAuthentication"></see>.</returns>
		</member>
		<member name="P:Microsoft.Crm.Services.Utility.DeviceRegistrationRequest.ClientInfo">
			<returns>Returns <see cref="T:Microsoft.Crm.Services.Utility.DeviceRegistrationClientInfo"></see>.</returns>
		</member>
		<member name="P:Microsoft.Crm.Services.Utility.DeviceRegistrationResponse.Error">
			<returns>Returns <see cref="T:Microsoft.Crm.Services.Utility.DeviceRegistrationResponseError"></see>.</returns>
		</member>
		<member name="P:Microsoft.Crm.Services.Utility.DeviceRegistrationResponse.ErrorSubCode">
			<returns>Returns <see cref="T:System.String"></see>.</returns>
		</member>
		<member name="P:Microsoft.Crm.Services.Utility.DeviceRegistrationResponse.IsSuccess">
			<returns>Returns <see cref="T:System.Boolean"></see>.</returns>
		</member>
		<member name="P:Microsoft.Crm.Services.Utility.DeviceRegistrationResponse.Puid">
			<returns>Returns <see cref="T:System.String"></see>.</returns>
		</member>
		<member name="P:Microsoft.Crm.Services.Utility.DeviceRegistrationResponseError.Code">
			<returns>Returns <see cref="T:System.String"></see>.</returns>
		</member>
		<member name="M:Microsoft.Crm.Services.Utility.DeviceUserName.ToClientCredentials">
			<returns>Returns <see cref="T:System.ServiceModel.Description.ClientCredentials"></see>.</returns>
		</member>
		<member name="P:Microsoft.Crm.Services.Utility.DeviceUserName.DecryptedPassword">
			<returns>Returns <see cref="T:System.String"></see>.</returns>
		</member>
		<member name="P:Microsoft.Crm.Services.Utility.DeviceUserName.DeviceId">
			<returns>Returns <see cref="T:System.String"></see>.</returns>
		</member>
		<member name="P:Microsoft.Crm.Services.Utility.DeviceUserName.DeviceName">
			<returns>Returns <see cref="T:System.String"></see>.</returns>
		</member>
		<member name="P:Microsoft.Crm.Services.Utility.DeviceUserName.EncryptedPassword">
			<returns>Returns <see cref="T:System.String"></see>.</returns>
		</member>
		<member name="P:Microsoft.Crm.Services.Utility.DeviceUserName.UserNameType">
			<returns>Returns <see cref="T:System.String"></see>.</returns>
		</member>
		<member name="M:Microsoft.Crm.Services.Utility.ICodeGenerationService.GetTypeForAttribute(Microsoft.Xrm.Sdk.Metadata.EntityMetadata,Microsoft.Xrm.Sdk.Metadata.AttributeMetadata,System.IServiceProvider)">
			<returns>Returns <see cref="T:Microsoft.Crm.Services.Utility.CodeGenerationType"></see>.</returns>
		</member>
		<member name="M:Microsoft.Crm.Services.Utility.ICodeGenerationService.GetTypeForEntity(Microsoft.Xrm.Sdk.Metadata.EntityMetadata,System.IServiceProvider)">
			<returns>Returns <see cref="T:Microsoft.Crm.Services.Utility.CodeGenerationType"></see>.</returns>
		</member>
		<member name="M:Microsoft.Crm.Services.Utility.ICodeGenerationService.GetTypeForMessagePair(Microsoft.Crm.Services.Utility.SdkMessagePair,System.IServiceProvider)">
			<returns>Returns <see cref="T:Microsoft.Crm.Services.Utility.CodeGenerationType"></see>.</returns>
		</member>
		<member name="M:Microsoft.Crm.Services.Utility.ICodeGenerationService.GetTypeForOption(Microsoft.Xrm.Sdk.Metadata.OptionSetMetadataBase,Microsoft.Xrm.Sdk.Metadata.OptionMetadata,System.IServiceProvider)">
			<returns>Returns <see cref="T:Microsoft.Crm.Services.Utility.CodeGenerationType"></see>.</returns>
		</member>
		<member name="M:Microsoft.Crm.Services.Utility.ICodeGenerationService.GetTypeForOptionSet(Microsoft.Xrm.Sdk.Metadata.EntityMetadata,Microsoft.Xrm.Sdk.Metadata.OptionSetMetadataBase,System.IServiceProvider)">
			<returns>Returns <see cref="T:Microsoft.Crm.Services.Utility.CodeGenerationType"></see>.</returns>
		</member>
		<member name="M:Microsoft.Crm.Services.Utility.ICodeGenerationService.GetTypeForRequestField(Microsoft.Crm.Services.Utility.SdkMessageRequest,Microsoft.Crm.Services.Utility.SdkMessageRequestField,System.IServiceProvider)">
			<returns>Returns <see cref="T:Microsoft.Crm.Services.Utility.CodeGenerationType"></see>.</returns>
		</member>
		<member name="M:Microsoft.Crm.Services.Utility.ICodeGenerationService.GetTypeForResponseField(Microsoft.Crm.Services.Utility.SdkMessageResponse,Microsoft.Crm.Services.Utility.SdkMessageResponseField,System.IServiceProvider)">
			<returns>Returns <see cref="T:Microsoft.Crm.Services.Utility.CodeGenerationType"></see>.</returns>
		</member>
		<member name="M:Microsoft.Crm.Services.Utility.ICodeWriterFilterService.GenerateAttribute(Microsoft.Xrm.Sdk.Metadata.AttributeMetadata,System.IServiceProvider)">
			<returns>Returns <see cref="T:System.Boolean"></see>.</returns>
		</member>
		<member name="M:Microsoft.Crm.Services.Utility.ICodeWriterFilterService.GenerateEntity(Microsoft.Xrm.Sdk.Metadata.EntityMetadata,System.IServiceProvider)">
			<returns>Returns <see cref="T:System.Boolean"></see>.</returns>
		</member>
		<member name="M:Microsoft.Crm.Services.Utility.ICodeWriterFilterService.GenerateOption(Microsoft.Xrm.Sdk.Metadata.OptionMetadata,System.IServiceProvider)">
			<returns>Returns <see cref="T:System.Boolean"></see>.</returns>
		</member>
		<member name="M:Microsoft.Crm.Services.Utility.ICodeWriterFilterService.GenerateOptionSet(Microsoft.Xrm.Sdk.Metadata.OptionSetMetadataBase,System.IServiceProvider)">
			<returns>Returns <see cref="T:System.Boolean"></see>.</returns>
		</member>
		<member name="M:Microsoft.Crm.Services.Utility.ICodeWriterFilterService.GenerateRelationship(Microsoft.Xrm.Sdk.Metadata.RelationshipMetadataBase,Microsoft.Xrm.Sdk.Metadata.EntityMetadata,System.IServiceProvider)">
			<returns>Returns <see cref="T:System.Boolean"></see>.</returns>
		</member>
		<member name="M:Microsoft.Crm.Services.Utility.ICodeWriterFilterService.GenerateServiceContext(System.IServiceProvider)">
			<returns>Returns <see cref="T:System.Boolean"></see>.</returns>
		</member>
		<member name="M:Microsoft.Crm.Services.Utility.ICodeWriterMessageFilterService.GenerateSdkMessage(Microsoft.Crm.Services.Utility.SdkMessage,System.IServiceProvider)">
			<returns>Returns <see cref="T:System.Boolean"></see>.</returns>
		</member>
		<member name="M:Microsoft.Crm.Services.Utility.ICodeWriterMessageFilterService.GenerateSdkMessagePair(Microsoft.Crm.Services.Utility.SdkMessagePair,System.IServiceProvider)">
			<returns>Returns <see cref="T:System.Boolean"></see>.</returns>
		</member>
		<member name="M:Microsoft.Crm.Services.Utility.IMetadataProviderService.LoadMetadata">
			<returns>Returns <see cref="T:Microsoft.Crm.Services.Utility.IOrganizationMetadata"></see>.</returns>
		</member>
		<member name="M:Microsoft.Crm.Services.Utility.INamingService.GetNameForAttribute(Microsoft.Xrm.Sdk.Metadata.EntityMetadata,Microsoft.Xrm.Sdk.Metadata.AttributeMetadata,System.IServiceProvider)">
			<returns>Returns <see cref="T:System.String"></see>.</returns>
		</member>
		<member name="M:Microsoft.Crm.Services.Utility.INamingService.GetNameForEntity(Microsoft.Xrm.Sdk.Metadata.EntityMetadata,System.IServiceProvider)">
			<returns>Returns <see cref="T:System.String"></see>.</returns>
		</member>
		<member name="M:Microsoft.Crm.Services.Utility.INamingService.GetNameForEntitySet(Microsoft.Xrm.Sdk.Metadata.EntityMetadata,System.IServiceProvider)">
			<returns>Returns <see cref="T:System.String"></see>.</returns>
		</member>
		<member name="M:Microsoft.Crm.Services.Utility.INamingService.GetNameForMessagePair(Microsoft.Crm.Services.Utility.SdkMessagePair,System.IServiceProvider)">
			<returns>Returns <see cref="T:System.String"></see>.</returns>
		</member>
		<member name="M:Microsoft.Crm.Services.Utility.INamingService.GetNameForOption(Microsoft.Xrm.Sdk.Metadata.OptionSetMetadataBase,Microsoft.Xrm.Sdk.Metadata.OptionMetadata,System.IServiceProvider)">
			<returns>Returns <see cref="T:System.String"></see>.</returns>
		</member>
		<member name="M:Microsoft.Crm.Services.Utility.INamingService.GetNameForOptionSet(Microsoft.Xrm.Sdk.Metadata.EntityMetadata,Microsoft.Xrm.Sdk.Metadata.OptionSetMetadataBase,System.IServiceProvider)">
			<returns>Returns <see cref="T:System.String"></see>.</returns>
		</member>
		<member name="M:Microsoft.Crm.Services.Utility.INamingService.GetNameForRelationship(Microsoft.Xrm.Sdk.Metadata.EntityMetadata,Microsoft.Xrm.Sdk.Metadata.RelationshipMetadataBase,System.Nullable{Microsoft.Xrm.Sdk.EntityRole},System.IServiceProvider)">
			<returns>Returns <see cref="T:System.String"></see>.</returns>
		</member>
		<member name="M:Microsoft.Crm.Services.Utility.INamingService.GetNameForRequestField(Microsoft.Crm.Services.Utility.SdkMessageRequest,Microsoft.Crm.Services.Utility.SdkMessageRequestField,System.IServiceProvider)">
			<returns>Returns <see cref="T:System.String"></see>.</returns>
		</member>
		<member name="M:Microsoft.Crm.Services.Utility.INamingService.GetNameForResponseField(Microsoft.Crm.Services.Utility.SdkMessageResponse,Microsoft.Crm.Services.Utility.SdkMessageResponseField,System.IServiceProvider)">
			<returns>Returns <see cref="T:System.String"></see>.</returns>
		</member>
		<member name="M:Microsoft.Crm.Services.Utility.INamingService.GetNameForServiceContext(System.IServiceProvider)">
			<returns>Returns <see cref="T:System.String"></see>.</returns>
		</member>
		<member name="P:Microsoft.Crm.Services.Utility.IOrganizationMetadata.Entities">
			<returns>Returns <see cref="T:Microsoft.Xrm.Sdk.Metadata.EntityMetadata"></see>.</returns>
		</member>
		<member name="P:Microsoft.Crm.Services.Utility.IOrganizationMetadata.Messages">
			<returns>Returns <see cref="T:Microsoft.Crm.Services.Utility.SdkMessages"></see>.</returns>
		</member>
		<member name="P:Microsoft.Crm.Services.Utility.IOrganizationMetadata.OptionSets">
			<returns>Returns <see cref="T:Microsoft.Xrm.Sdk.Metadata.OptionSetMetadataBase"></see>.</returns>
		</member>
		<member name="P:Microsoft.Crm.Services.Utility.LiveDevice.ClockSkew">
			<returns>Returns <see cref="T:System.String"></see>.</returns>
		</member>
		<member name="P:Microsoft.Crm.Services.Utility.LiveDevice.Expiry">
			<returns>Returns <see cref="T:System.String"></see>.</returns>
		</member>
		<member name="P:Microsoft.Crm.Services.Utility.LiveDevice.Token">
			<returns>Returns <see cref="T:System.Xml.XmlNode"></see>.</returns>
		</member>
		<member name="P:Microsoft.Crm.Services.Utility.LiveDevice.User">
			<returns>Returns <see cref="T:Microsoft.Crm.Services.Utility.DeviceUserName"></see>.</returns>
		</member>
		<member name="P:Microsoft.Crm.Services.Utility.LiveDevice.Version">
			<returns>Returns <see cref="T:System.Int32"></see>.</returns>
		</member>
		<member name="P:Microsoft.Crm.Services.Utility.Result.IsPrivate">
			<returns>Returns <see cref="T:System.Boolean"></see>.</returns>
		</member>
		<member name="P:Microsoft.Crm.Services.Utility.Result.Name">
			<returns>Returns <see cref="T:System.String"></see>.</returns>
		</member>
		<member name="P:Microsoft.Crm.Services.Utility.Result.SdkMessageFilterId">
			<returns>Returns <see cref="T:System.Guid"></see>.</returns>
		</member>
		<member name="P:Microsoft.Crm.Services.Utility.Result.SdkMessageId">
			<returns>Returns <see cref="T:System.Guid"></see>.</returns>
		</member>
		<member name="P:Microsoft.Crm.Services.Utility.Result.SdkMessagePairId">
			<returns>Returns <see cref="T:System.Guid"></see>.</returns>
		</member>
		<member name="P:Microsoft.Crm.Services.Utility.Result.SdkMessagePairNamespace">
			<returns>Returns <see cref="T:System.String"></see>.</returns>
		</member>
		<member name="P:Microsoft.Crm.Services.Utility.Result.SdkMessagePrimaryOTCFilter">
			<returns>Returns <see cref="T:System.Int32"></see>.</returns>
		</member>
		<member name="P:Microsoft.Crm.Services.Utility.Result.SdkMessageRequestFieldClrParser">
			<returns>Returns <see cref="T:System.String"></see>.</returns>
		</member>
		<member name="P:Microsoft.Crm.Services.Utility.Result.SdkMessageRequestFieldIsOptional">
			<returns>Returns <see cref="T:System.Boolean"></see>.</returns>
		</member>
		<member name="P:Microsoft.Crm.Services.Utility.Result.SdkMessageRequestFieldName">
			<returns>Returns <see cref="T:System.String"></see>.</returns>
		</member>
		<member name="P:Microsoft.Crm.Services.Utility.Result.SdkMessageRequestFieldParser">
			<returns>Returns <see cref="T:System.String"></see>.</returns>
		</member>
		<member name="P:Microsoft.Crm.Services.Utility.Result.SdkMessageRequestFieldPosition">
			<returns>Returns <see cref="T:System.Int32"></see>.</returns>
		</member>
		<member name="P:Microsoft.Crm.Services.Utility.Result.SdkMessageRequestId">
			<returns>Returns <see cref="T:System.Guid"></see>.</returns>
		</member>
		<member name="P:Microsoft.Crm.Services.Utility.Result.SdkMessageRequestName">
			<returns>Returns <see cref="T:System.String"></see>.</returns>
		</member>
		<member name="P:Microsoft.Crm.Services.Utility.Result.SdkMessageResponseFieldClrFormatter">
			<returns>Returns <see cref="T:System.String"></see>.</returns>
		</member>
		<member name="P:Microsoft.Crm.Services.Utility.Result.SdkMessageResponseFieldFormatter">
			<returns>Returns <see cref="T:System.String"></see>.</returns>
		</member>
		<member name="P:Microsoft.Crm.Services.Utility.Result.SdkMessageResponseFieldName">
			<returns>Returns <see cref="T:System.String"></see>.</returns>
		</member>
		<member name="P:Microsoft.Crm.Services.Utility.Result.SdkMessageResponseFieldPosition">
			<returns>Returns <see cref="T:System.Int32"></see>.</returns>
		</member>
		<member name="P:Microsoft.Crm.Services.Utility.Result.SdkMessageResponseFieldValue">
			<returns>Returns <see cref="T:System.String"></see>.</returns>
		</member>
		<member name="P:Microsoft.Crm.Services.Utility.Result.SdkMessageResponseId">
			<returns>Returns <see cref="T:System.Guid"></see>.</returns>
		</member>
		<member name="P:Microsoft.Crm.Services.Utility.Result.SdkMessageSecondaryOTCFilter">
			<returns>Returns <see cref="T:System.Int32"></see>.</returns>
		</member>
		<member name="P:Microsoft.Crm.Services.Utility.ResultSet.MoreRecords">
			<returns>Returns <see cref="T:System.Int32"></see>.</returns>
		</member>
		<member name="P:Microsoft.Crm.Services.Utility.ResultSet.PagingCookie">
			<returns>Returns <see cref="T:System.String"></see>.</returns>
		</member>
		<member name="P:Microsoft.Crm.Services.Utility.ResultSet.Results">
			<returns>Returns <see cref="T:Microsoft.Crm.Services.Utility.Result"></see>.</returns>
		</member>
		<member name="P:Microsoft.Crm.Services.Utility.SdkMessage.Id">
			<returns>Returns <see cref="T:System.Guid"></see>.</returns>
		</member>
		<member name="P:Microsoft.Crm.Services.Utility.SdkMessage.IsPrivate">
			<returns>Returns <see cref="T:System.Boolean"></see>.</returns>
		</member>
		<member name="P:Microsoft.Crm.Services.Utility.SdkMessage.Name">
			<returns>Returns <see cref="T:System.String"></see>.</returns>
		</member>
		<member name="P:Microsoft.Crm.Services.Utility.SdkMessage.SdkMessageFilters">
			<returns>Returns <see cref="T:System.Collections.Generic.Dictionary`2"></see>.</returns>
		</member>
		<member name="P:Microsoft.Crm.Services.Utility.SdkMessage.SdkMessagePairs">
			<returns>Returns <see cref="T:System.Collections.Generic.Dictionary`2"></see>.</returns>
		</member>
		<member name="P:Microsoft.Crm.Services.Utility.SdkMessageFilter.Id">
			<returns>Returns <see cref="T:System.Guid"></see>.</returns>
		</member>
		<member name="P:Microsoft.Crm.Services.Utility.SdkMessageFilter.IsVisible">
			<returns>Returns <see cref="T:System.Boolean"></see>.</returns>
		</member>
		<member name="P:Microsoft.Crm.Services.Utility.SdkMessageFilter.PrimaryObjectTypeCode">
			<returns>Returns <see cref="T:System.Int32"></see>.</returns>
		</member>
		<member name="P:Microsoft.Crm.Services.Utility.SdkMessageFilter.SecondaryObjectTypeCode">
			<returns>Returns <see cref="T:System.Int32"></see>.</returns>
		</member>
		<member name="P:Microsoft.Crm.Services.Utility.SdkMessagePair.Id">
			<returns>Returns <see cref="T:System.Guid"></see>.</returns>
		</member>
		<member name="P:Microsoft.Crm.Services.Utility.SdkMessagePair.Message">
			<returns>Returns <see cref="T:Microsoft.Crm.Services.Utility.SdkMessage"></see>.</returns>
		</member>
		<member name="P:Microsoft.Crm.Services.Utility.SdkMessagePair.MessageNamespace">
			<returns>Returns <see cref="T:System.String"></see>.</returns>
		</member>
		<member name="P:Microsoft.Crm.Services.Utility.SdkMessagePair.Request">
			<returns>Returns <see cref="T:Microsoft.Crm.Services.Utility.SdkMessageRequest"></see>.</returns>
		</member>
		<member name="P:Microsoft.Crm.Services.Utility.SdkMessagePair.Response">
			<returns>Returns <see cref="T:Microsoft.Crm.Services.Utility.SdkMessageResponse"></see>.</returns>
		</member>
		<member name="P:Microsoft.Crm.Services.Utility.SdkMessageRequest.Id">
			<returns>Returns <see cref="T:System.Guid"></see>.</returns>
		</member>
		<member name="P:Microsoft.Crm.Services.Utility.SdkMessageRequest.MessagePair">
			<returns>Returns <see cref="T:Microsoft.Crm.Services.Utility.SdkMessagePair"></see>.</returns>
		</member>
		<member name="P:Microsoft.Crm.Services.Utility.SdkMessageRequest.Name">
			<returns>Returns <see cref="T:System.String"></see>.</returns>
		</member>
		<member name="P:Microsoft.Crm.Services.Utility.SdkMessageRequest.RequestFields">
			<returns>Returns <see cref="T:System.Collections.Generic.Dictionary`2"></see>.</returns>
		</member>
		<member name="P:Microsoft.Crm.Services.Utility.SdkMessageRequestField.CLRFormatter">
			<returns>Returns <see cref="T:System.String"></see>.</returns>
		</member>
		<member name="P:Microsoft.Crm.Services.Utility.SdkMessageRequestField.Index">
			<returns>Returns <see cref="T:System.Int32"></see>.</returns>
		</member>
		<member name="P:Microsoft.Crm.Services.Utility.SdkMessageRequestField.IsGeneric">
			<returns>Returns <see cref="T:System.Boolean"></see>.</returns>
		</member>
		<member name="P:Microsoft.Crm.Services.Utility.SdkMessageRequestField.IsOptional">
			<returns>Returns <see cref="T:System.Boolean"></see>.</returns>
		</member>
		<member name="P:Microsoft.Crm.Services.Utility.SdkMessageRequestField.Name">
			<returns>Returns <see cref="T:System.String"></see>.</returns>
		</member>
		<member name="P:Microsoft.Crm.Services.Utility.SdkMessageRequestField.Request">
			<returns>Returns <see cref="T:Microsoft.Crm.Services.Utility.SdkMessageRequest"></see>.</returns>
		</member>
		<member name="P:Microsoft.Crm.Services.Utility.SdkMessageResponse.Id">
			<returns>Returns <see cref="T:System.Guid"></see>.</returns>
		</member>
		<member name="P:Microsoft.Crm.Services.Utility.SdkMessageResponse.ResponseFields">
			<returns>Returns <see cref="T:System.Collections.Generic.Dictionary`2"></see>.</returns>
		</member>
		<member name="P:Microsoft.Crm.Services.Utility.SdkMessageResponseField.CLRFormatter">
			<returns>Returns <see cref="T:System.String"></see>.</returns>
		</member>
		<member name="P:Microsoft.Crm.Services.Utility.SdkMessageResponseField.Index">
			<returns>Returns <see cref="T:System.Int32"></see>.</returns>
		</member>
		<member name="P:Microsoft.Crm.Services.Utility.SdkMessageResponseField.Name">
			<returns>Returns <see cref="T:System.String"></see>.</returns>
		</member>
		<member name="P:Microsoft.Crm.Services.Utility.SdkMessageResponseField.Value">
			<returns>Returns <see cref="T:System.String"></see>.</returns>
		</member>
		<member name="P:Microsoft.Crm.Services.Utility.SdkMessages.MessageCollection">
			<returns>Returns <see cref="T:System.Collections.Generic.Dictionary`2"></see>.</returns>
		</member>
	</members>
</doc>