<ImportExportXml xmlns:xsi="http://www.w3.org/2001/XMLSchema-instance">
  <Entities></Entities>
  <Roles></Roles>
  <Workflows>
    <Workflow WorkflowId="{4f6ba5fa-45f0-4e75-b3ab-924262c006d8}" Name="Analyze sentiment demo dialog">
      <XamlFileName>/Workflows/Analyzesentimentdemodialog-4F6BA5FA-45F0-4E75-B3AB-924262C006D8.xaml</XamlFileName>
      <Type>1</Type>
      <Subprocess>0</Subprocess>
      <Category>1</Category>
      <Mode>0</Mode>
      <LanguageCode>1033</LanguageCode>
      <Scope>1</Scope>
      <OnDemand>1</OnDemand>
      <TriggerOnCreate>0</TriggerOnCreate>
      <TriggerOnDelete>0</TriggerOnDelete>
      <AsyncAutodelete>0</AsyncAutodelete>
      <SyncWorkflowLogOnFailure>0</SyncWorkflowLogOnFailure>
      <StateCode>1</StateCode>
      <StatusCode>2</StatusCode>
      <RunAs>1</RunAs>
      <IsTransacted>1</IsTransacted>
      <IntroducedVersion>1.0</IntroducedVersion>
      <IsCustomizable>1</IsCustomizable>
      <PrimaryEntity>Account</PrimaryEntity>
    </Workflow>
  </Workflows>
  <FieldSecurityProfiles></FieldSecurityProfiles>
  <Templates />
  <EntityMaps />
  <EntityRelationships />
  <OrganizationSettings />
  <optionsets />
  <SolutionPluginAssemblies>
    <PluginAssembly FullName="CrmAzureTextAnalysis, Version=1.0.0.0, Culture=neutral, PublicKeyToken=dca0602735e95bc2" CustomizationLevel="1">
      <IsolationMode>2</IsolationMode>
      <SourceType>0</SourceType>
      <IntroducedVersion>1.0</IntroducedVersion>
      <FileName>/PluginAssemblies/CrmAzureTextAnalysis-E97411AA-2BAD-4F67-8667-318CB54E5306/CrmAzureTextAnalysis.dll</FileName>
      <PluginTypes>
        <PluginType AssemblyQualifiedName="CrmAzureTextAnalysis.AnalyzeSentiment, CrmAzureTextAnalysis, Version=1.0.0.0, Culture=neutral, PublicKeyToken=dca0602735e95bc2" Name="CrmAzureTextAnalysis.AnalyzeSentiment">
          <FriendlyName>fd26f2da-e41d-431e-a845-3ad60b5c3239</FriendlyName>
          <WorkflowActivityGroupName>CrmAzureTextAnalysis (1.0.0.0)</WorkflowActivityGroupName>
        </PluginType>
      </PluginTypes>
    </PluginAssembly>
  </SolutionPluginAssemblies>
  <Languages>
    <Language>1033</Language>
  </Languages>
</ImportExportXml>